patient_id,ho_ten,cccd,ngay_sinh,so_dien_thoai,email,dia_chi,benh,ket_qua_xet_nghiem,bac_si_phu_trach,ngay_kham
bdd640fb-0667-4ad1-9c80-317fa3b1799d,Quang Vũ,378130186513,08/05/1954,0529152680,avu@example.com,"338 Lâm Nguyễn phố, 895667",Tiểu đường,11.58,Quý cô Thành Vũ,31/01/2026
562b0f79-c374-49ee-b50b-ea63371ecd7b,Ông Quang Lê,156680306050,09/07/1948,0712297055,cmai@example.com,"18 Hương Dương JohnPhường, 338968",Huyết áp cao,4.22,Vũ Phạm,20/01/2026
a2bc372f-7412-4293-8729-4739614ff3d7,Hưng Mai Đặng,132598037952,15/11/1963,0894244265,janeduong@example.com,"64 Jane Đường
Nhật Hoàng, 380746",Khỏe mạnh,11.38,Lâm Hoàng,03/03/2026
654821d0-7fcd-4eb1-a7ca-d415366eb16f,Vi Hoàng,568398904861,03/12/1968,0523656635,john63@example.org,"7 Châu Vũ, 166613",Tiểu đường,7.22,Kim Mai Mai,18/02/2026
f143262f-dc5c-4eed-8da0-365bf89897b9,Huy Vũ,421140862977,03/09/1971,0329264121,spham@example.net,"2 Khoa Dương, 916449",Tiểu đường,4.06,Duyên Đặng,05/04/2026
5cec4eb5-edd9-4831-9ca3-5cfb04fc6d82,Hải Mai Bảo Trần,935017982438,21/02/1968,0779429315,johnduong@example.org,"Nhiên Mai Bảo Vũ
89 Nhiên Mai Bảo Vũ, 847581",Tim mạch,9.26,Thành Đặng,27/03/2026
1efa2197-7394-488f-847f-d9b4e64d1bcb,Phúc Quang Trần Đặng,813833962711,22/03/1938,0536992136,johntran@example.net,"105 Bảo Trần, 238739",Tiểu đường,9.89,Anh Châu Bùi,06/02/2026
6e595ed3-a8b3-47fa-98d0-752b1825bc54,Trọng Mai Bùi,284166216771,24/09/1942,0990000207,johnnguyen@example.net,"338 Quý cô Vi Mai, 179046",Khỏe mạnh,8.13,Ông Hưng Mai,03/01/2026
c0e9ab30-ed26-42e9-97e0-11b7f8102383,Hồng Phạm,803522304478,14/11/2000,0724524250,johnbui@example.org,"74 Bác Quang Lê, 161324",Tim mạch,10.64,Yến Đặng,12/01/2026
80bacd64-7a0e-4fea-958c-a9ba0cd620c2,Khoa Hữu Đặng,741084995246,25/08/1960,0598356185,janepham@example.net,"939 Quý cô Hải Lê, 802258",Huyết áp cao,5.84,Quang Đức Bùi,26/01/2026
750cab75-4ccc-4bc2-a53f-8a28abf3e3fc,Bà Ánh Phạm,355776884749,19/12/1948,0795003652,jane00@example.net,"354 Hải Hải Lê, 377312",Tiểu đường,4.52,Hà Mai,31/01/2026
35ebd32d-9ad6-40ab-8821-2ddb45b89cd9,Nhật Hoàng Lê,978714704386,06/11/2001,0395575066,johnnguyen@example.net,"427 Mai Đường
Nhật Nguyễn, 137778",Huyết áp cao,11.65,Nhiên Trí Bùi,25/01/2026
e623a689-5d59-4d2a-8eea-04e70ab54bde,Xuân Đặng,560799411977,13/12/1963,0892958605,jane91@example.com,"2 Hưng Phạm, 872343",Huyết áp cao,8.21,Huy Hải Vũ,31/01/2026
61ee411a-1bac-47a7-b386-f7a4c991603f,Hải Phú Lê,307646451616,19/08/1965,0869944651,janemai@example.net,"036 Huy Nguyễn
JanePhường, 634150",Huyết áp cao,7.36,Hải Tấn Nguyễn,23/01/2026
2db69edb-42de-4fcc-b86c-2ca2e08596db,Thành Hải Bùi,213168061923,03/07/1994,0321102874,dbui@example.org,"06 Quý cô Dương Phạm
JohnPhường, 446239",Huyết áp cao,6.11,Tú Thế Mai,02/03/2026
6703b636-5380-4904-a88c-7015aab97e49,Anh Trung Lê,577972869166,20/06/1961,0773858121,ile@example.com,"80 Thành Quang Trần, 563246",Khỏe mạnh,6.63,Anh Minh Dương,02/02/2026
83f4a9a9-48a6-49d0-95b5-2908a8aa7158,Ngọc Mai,598190112971,06/12/1965,0988411110,hoangjane@example.net,"1 Chị Hà Trần, 355836",Tim mạch,3.83,Cô Hà Bùi,12/02/2026
b227462c-f53d-4330-8dda-24ba2d06e8cf,Chị Hạnh Lê,772289738994,16/11/1951,0952519897,john25@example.com,"98 Minh Xuân Đặng, 888295",Khỏe mạnh,11.15,Bà Vi Mai,05/04/2026
709b7d97-464c-44af-bd3f-3799a07295e9,Hưng Mai Bùi,269341894837,10/04/1967,0517620689,phamjane@example.com,"23 Xuân Lê, 165290",Tiểu đường,4.64,Quý cô Hồng Hoàng,04/01/2026
9360715f-c3fe-4183-a172-b725db52ca58,Khoa Đức Bùi Đặng,361185115598,01/01/1976,0787608266,maijohn@example.net,"34 Dương Đường
JanePhường, 812131",Huyết áp cao,5.17,Nhật Xuân Dương,25/01/2026
06e745f9-88bc-439c-9f4c-3b79fb10987f,Hạnh Dương,598750409404,10/09/1993,0317102964,johnmai@example.org,"755 Tú Mai Bảo Lê, 120324",Khỏe mạnh,4.06,Linh Phạm,07/05/2026
a6d964a3-f510-4b53-87fe-e39f1190f938,Thành Bùi,240921594308,05/01/1969,0889649906,etran@example.net,"1 Ông Hoàng Nguyễn, 736745",Tiểu đường,8.33,Bảo Vũ,21/01/2026
4fdc6e1b-edcb-4cb6-8692-dc639424aed5,Bà Lâm Mai,130532689504,30/05/1968,0952860915,nguyenjohn@example.net,"6 Quý cô Ngọc Mai phố, 554582",Huyết áp cao,8.63,Bảo Trí Bùi,04/02/2026
a6846099-f729-4951-8591-31d2bbda0242,Quý cô Dương Dương,573738474322,28/02/2001,0931526004,johnnguyen@example.net,"473 Dương Lê, 992288",Huyết áp cao,10.97,Phúc Mai Bảo Phạm,10/03/2026
4797b2c9-5720-4246-8223-623bcc3ebdde,An Phú Đặng,663523492075,02/09/2005,0834041058,john14@example.com,"7 Dương Đường
Vi Phạm, 825391",Tiểu đường,6.22,Bà Dương Hoàng,13/03/2026
58007c02-87ea-4ff5-8db0-674679279973,Chị Bảo Phạm Đặng,712892275933,10/02/1997,0822189953,rtran@example.net,"823 Thành Xuân Bùi, 410636",Huyết áp cao,11.97,Bà Lan Vũ,03/01/2026
4639447b-2067-4dac-88bd-13d1b540b30e,Chị Thành Mai,130650111157,13/02/1975,0998073627,cbui@example.com,"75 Hà Mai, 520172",Huyết áp cao,5.2,Ông Nhiên Nguyễn,30/01/2026
f2f9e5fa-9016-4161-8fa7-01cd2631d00b,Quý cô Khoa Bùi,210767726306,25/06/1951,0812980193,johnhoang@example.org,"74 Vũ Đường
Chi Phạm, 792509",Tiểu đường,9.46,Bảo Phạm,03/02/2026
00af5b3a-2812-459a-9337-739e8d4f5d27,Chị Lâm Dương,989229880777,20/10/1939,0721565812,john49@example.net,"3 Chị Ánh Vũ, 335729",Tiểu đường,7.89,Bà Bảo Trần,12/01/2026
9854ce4e-4ebf-45c3-8ae9-b4a72a79ea68,Nam Dương,272190042869,24/02/1999,0861712313,jane73@example.org,"0 Đặng Bác Anh Lê JohnPhường, 976566",Khỏe mạnh,11.46,Vi Vũ,22/04/2026
2cd94cbb-c19a-458c-835b-1c8c0a4c9f7f,Tú Bùi,372400043805,06/09/1994,0799488383,buijohn@example.org,"1 Hoàng Hữu Vũ
JanePhường, 519904",Huyết áp cao,10.49,Chi Trần,03/03/2026
f85e06a1-1dad-49b2-92c2-1221409d3602,Quý cô Hà Lê,584777780893,26/03/1998,0987412338,jane68@example.com,"7 Khoa Mai Bảo Hoàng JanePhường, 608257",Tiểu đường,10.03,An Hoàng,16/02/2026
8d03c91e-4f8d-4238-a88b-78b5b5b453ca,Hưng Đức Dương,344684912958,17/01/1948,0864474537,janepham@example.com,"48 Ông Khoa Phạm, 678043",Tim mạch,11.61,Quý cô Lâm Hoàng,09/04/2026
dd30de89-22f2-45f2-a11b-868dbf0d073d,Trọng Bùi,899089082219,13/08/1981,0743264167,kle@example.com,"787 Đặng Anh Anh Mai, 831380",Tiểu đường,3.68,Quý cô Mai Bùi,09/01/2026
b489d070-7914-48a8-bea4-ff31517400f8,Vi Nguyễn,485653188793,25/05/1940,0870359030,xpham@example.net,"262 Quang Đức Hoàng
JanePhường, 184216",Tim mạch,6.47,Tùng Hữu Đặng,02/05/2026
7cea2045-c268-483e-a32f-2e63b7fddd71,Hà Trí Mai,414171469403,24/04/1967,0313918017,johntran@example.net,"24 Chị Dương Lê, 551607",Khỏe mạnh,10.72,Chị Phương Bùi,20/04/2026
2b840c67-2e18-4554-8ae2-8e66ae8a7813,Quý cô Yến Đặng,565585782472,19/02/1968,0370857986,janedang@example.org,"40 Hạnh Vũ, 413685",Huyết áp cao,4.85,Nhật Đức Dương,28/02/2026
da743152-627b-41a1-bfd6-f23232ffe294,Khoa Văn Mai,269806833844,18/03/1984,0851563457,maijane@example.net,"7 Hải Mai Bảo Bùi JanePhường, 892280",Huyết áp cao,4.29,Cô Hải Nguyễn,01/03/2026
945ef2e4-088a-43ec-b0d9-c9f8c9e26074,Ngọc Mai,440977962425,29/10/1979,0535502591,jane23@example.com,"8 Quang Trí Bùi
JanePhường, 455168",Khỏe mạnh,4.52,Nhật Trần,28/01/2026
dc322c97-39c1-4262-b76c-8edec1101266,Châu Mai Mai,979828796465,22/01/1989,0968574589,nguyenjohn@example.com,"6 Chi Phạm, 688678",Huyết áp cao,11.08,Trọng Hải Trần,04/05/2026
b379cb1e-e8cd-40cc-b6da-3ca0d2e82f38,Quý cô Mai Vũ,521246742329,20/05/1954,0723516889,cduong@example.net,"2 Bảo Mai, 786735",Tim mạch,10.96,Nhật Hoàng,21/03/2026
08601833-479d-4cda-b396-ea37f065c817,Phúc Hoàng,824869451844,30/06/1967,0837855945,qmai@example.org,"31 Quang Trí Hoàng, 232040",Tim mạch,6.74,Cô Ánh Mai,10/02/2026
dea45c19-d024-4d72-b748-967f961d33ba,Tùng Phạm,323241878404,29/09/1935,0540574063,qvu@example.net,"0 Minh Bùi, 378258",Tim mạch,5.54,Lan Bùi,13/04/2026
79eb4168-1045-46e5-bee3-eb791d181ee9,Ông Bảo Đặng,359788397147,15/03/1950,0375868731,johnvu@example.org,"00 Châu Mai Mai phố, 184714",Tiểu đường,10.0,Trọng Trí Trần,25/01/2026
95da75c1-a211-40f9-9fd3-4579466772ce,Chị Khoa Nguyễn,282633914677,01/03/2004,0719673360,jane35@example.org,"73 Đặng Dãy
JanePhường, 199704",Tim mạch,11.36,Huy Tấn Vũ,14/03/2026
ec48bf55-afd3-40c4-a713-582cf41ea3ac,Bà Dương Dương,964239163074,18/01/1948,0740461592,xhoang@example.net,"0 Thảo Dương
JanePhường, 153945",Huyết áp cao,8.13,Trọng Vũ,10/03/2026
36760ce5-81e5-49f6-93f2-77cc1a85910d,Quý ông Dũng Mai,168935162264,04/01/1983,0932294830,duongjane@example.org,"4 Hạnh Lê, 106402",Khỏe mạnh,3.73,Chị Khoa Bùi,14/01/2026
f8c88fae-a217-4f84-bdb0-25ff2451e5a4,Ánh Lê,724295258098,21/08/1964,0399989221,uduong@example.org,"5 Nam Bùi, 564637",Huyết áp cao,9.72,Nhật Mai Bùi,23/02/2026
1d2324e6-8329-40b7-8143-f426372f871a,Quang Lê,547355636508,03/08/2001,0578122236,john41@example.com,"32 Vân Phạm JanePhường, 551574",Tim mạch,6.67,Chị Kim Mai,14/02/2026
ab05347f-d556-437d-8f08-81ee8011316b,Huy Hải Hoàng,507258342427,23/09/1994,0891328977,john74@example.net,"6 Chị Duyên Mai, 582446",Huyết áp cao,7.61,Vũ Bảo Trần,17/02/2026
862268d1-6683-4107-96c0-44d06f887f28,Bảo Phạm,135012904981,26/07/1981,0757508534,johnhoang@example.net,"8 Kim Hoàng Hoàng, 368402",Tiểu đường,10.33,Chị Duyên Lê,08/05/2026
c5d95f51-f387-41bd-ad59-72c6134a5a2f,Cô Lâm Nguyễn,839037903685,15/06/1996,0949827860,john72@example.net,"90 Tùng Hoàng, 139434",Huyết áp cao,5.97,Linh Vũ,15/01/2026
daf481a7-fa34-42e8-9d3f-7d7ea508dc95,Cô Linh Phạm,902545026461,15/05/2004,0899005769,lejohn@example.org,"93 Quý cô Nhật Bùi phố, 950360",Khỏe mạnh,11.15,Vũ Xuân Nguyễn,18/02/2026
707df251-fdb1-429e-b010-ed13b526b22d,Khoa Mai Bảo Hoàng,760279738317,01/02/1988,0942374739,john03@example.org,"518 Bảo Bùi, 795847",Huyết áp cao,9.19,Bà Hạnh Bùi,26/01/2026
15b02530-f020-4992-b576-255e98549f22,Quý cô Vi Mai,871536012119,24/01/1980,0756092577,duongjohn@example.com,"23 Hương Trần, 410160",Tim mạch,4.05,Phương Mai,13/04/2026
e05b46c5-5636-4094-a974-31db09a9d1c1,Bà Kim Dương,717847210129,21/12/1959,0997053643,jane69@example.org,"94 Hạnh Bùi, 485709",Khỏe mạnh,11.2,Quý ông Khoa Bùi,08/04/2026
297ca4ff-f75d-499f-ab2d-5b0987079ad4,Anh Đức Bùi,625746514796,17/06/1942,0511507762,wduong@example.com,"12 Bà Lâm Dương, 956375",Khỏe mạnh,8.11,Bác Nam Bùi,11/01/2026
3c5bf3a7-5fbb-40b1-8083-89c8657e01c9,Linh Nguyễn,614778847384,13/03/1939,0970393138,johnbui@example.net,"2 Dương Đường
Nhiên Hải Đặng, 975522",Tiểu đường,4.45,Quý cô Hà Vũ,16/02/2026
3d0a5f0c-0c39-4ec7-9f31-74054d183eba,Hồng Mai,806578177609,12/06/1950,0567259370,nguyenjohn@example.org,"2 Bùi Đường
JohnXã, 536802",Huyết áp cao,9.21,Cô Phương Đặng,14/01/2026
81e03a5e-8b48-4496-86ab-d4e7f4124360,Quý ông Khoa Hoàng,803897407445,14/04/1941,0952100585,jane43@example.com,"31 Lê Đường
JanePhường, 283594",Tim mạch,9.74,Quý ông Phúc Lê,13/01/2026
752a7d25-f190-4b7e-86b4-69efb74eba93,Quý cô Kim Dương,101514631782,27/04/1941,0551742685,johnmai@example.com,"03 Đặng Đường
Bà Ngọc Phạm, 938171",Khỏe mạnh,8.87,Huy Hữu Dương,17/03/2026
7f072cb9-2fd3-40c0-b945-f2fd56cb1ab0,Bác Nhiên Bùi,368093644622,08/08/1946,0339801422,john27@example.net,"Thành Phạm
44 Thành Phạm, 274739",Khỏe mạnh,10.01,Bác Bảo Nguyễn,10/03/2026
46494296-6f58-42c3-bf86-cc319d66e815,Thảo Bùi,841038145057,21/10/1984,0326837594,johnpham@example.com,"213 Đặng Cô Hạnh Vũ, 490084",Tiểu đường,6.71,Ông Nhiên Lê,13/04/2026
a6499cdc-507b-4072-a5e5-8f345df06e8c,Bác Huy Đặng,259698453181,20/11/1938,0354884871,tmai@example.org,"47 Dương Vũ phố, 574001",Tiểu đường,8.96,Quý cô Hà Đặng,10/05/2026
8ccc9cea-109f-48ee-b5a4-720058f0dd23,An Hải Nguyễn,537354380615,20/01/1959,0944202497,mpham@example.net,"589 Bà Hồng Mai xã, 851759",Khỏe mạnh,8.76,Quý ông Huy Hoàng,15/01/2026
a4704d48-5128-49b1-b8ed-e0ca20156a72,Quý ông Dũng Mai,422406473919,09/10/2005,0966169936,buijane@example.org,"80 Bà Khoa Dương JanePhường, 336422",Khỏe mạnh,5.27,Minh Thế Trần,18/02/2026
8d03f17a-f4d3-45c1-a293-19fa3240d7a1,Ngọc Dương,414977813942,19/12/2007,0994625808,phamjane@example.net,"995 Thành Vũ, 536822",Khỏe mạnh,5.17,Chi Mai,26/02/2026
7ba24588-4d56-4a3d-b4e7-069aa4540937,Ông Nam Lê,924067952152,16/04/1945,0732254097,lejane@example.org,"92 Đặng Anh Huy Hoàng, 639995",Tim mạch,11.74,Thành Phạm,01/04/2026
3f779cae-7318-496d-8479-06121f5d988f,Thảo Dương,169464275173,23/08/1987,0872675504,nguyenjohn@example.net,"278 Tú Văn Đặng, 512344",Tiểu đường,7.53,Anh Trung Hoàng,10/03/2026
7eb162f1-4806-4804-8cf0-374c0c74dc0f,Bảo Hoàng Phạm,453937706330,27/12/1949,0794806935,john72@example.net,"06 Khoa Trí Nguyễn, 628750",Huyết áp cao,5.09,Bác Trọng Hoàng,24/01/2026
64d6dfbf-18c0-4e2b-b99f-070420f0156a,Yến Vũ,108458699940,14/06/1962,0779744444,nguyenjohn@example.com,"87 Lan Mai, 746447",Huyết áp cao,11.44,Nhiên Đặng,09/04/2026
7d66971e-8847-4c56-827c-9f8cd40ac5e9,Lâm Lê,715428220601,29/06/1985,0379201795,gbui@example.net,"7 Xuân Bùi, 759580",Huyết áp cao,6.01,Bảo Hải Nguyễn,22/04/2026
30d73df7-1c22-4cea-b355-56a5f2bd92f2,Chi Đặng,414572444906,09/05/1992,0838518374,johnnguyen@example.com,"0 Thành Đức Bùi, 281594",Tim mạch,10.18,Bác Tùng Đặng,05/05/2026
9c2dfa97-43ad-4d62-b17c-fb21cdbc2c1c,Chị Lâm Bùi,681599672664,26/12/1975,0752804918,oduong@example.org,"75 Nhật Trí Hoàng, 910616",Tim mạch,7.02,Bà An Vũ,16/01/2026
a7edc8d8-713f-4f8c-ac8b-e53758ab4778,Chị Vi Bùi,819845140611,10/11/1962,0763776854,john93@example.net,"083 Ông Dũng Phạm
JanePhường, 595351",Huyết áp cao,11.59,Hải Lê,02/01/2026
edd97a1a-fa58-4b27-8ce3-e7c3f6eab3a0,Bác Anh Hoàng,591770181589,04/05/2000,0735485489,john80@example.org,"9 Anh Nam Hoàng, 976822",Tiểu đường,10.07,Nhật Xuân Vũ,08/01/2026
9a4ffc0c-9165-42ed-8c63-6e95025f5543,Cô Phương Hoàng,150444552532,12/03/1997,0554537799,johntran@example.net,"27 Lê Đường
JaneXã, 807160",Tim mạch,10.02,Chị Duyên Bùi,25/03/2026
669d01ff-1634-425b-93f3-007383e96ef4,Xuân Nguyễn,755807314742,04/05/2000,0364571963,johnpham@example.com,"49 Khoa Hoàng xã, 421709",Tim mạch,8.01,Quý cô Hải Mai,02/03/2026
ea87855e-a382-45d3-9e0e-f546b0b6dedf,Bảo Tấn Phạm,706877760679,01/06/1965,0737345191,janele@example.com,"87 Chị Hải Dương, 691573",Tim mạch,10.32,An Mai,09/04/2026
265cb9d9-8962-4f6e-929c-93b333c08bf1,Yến Phạm,836977758489,07/03/1951,0853751418,jane08@example.org,"28 Dương Đường
JanePhường, 122827",Huyết áp cao,10.33,Hạnh Văn Phạm,23/04/2026
58330b30-6c77-4e95-8b98-1ccd12b2102d,Tùng Trần,342445402287,01/10/1944,0543129681,johnnguyen@example.org,"6 Xuân Lê, 815894",Khỏe mạnh,7.4,Bà Hà Lê,15/04/2026
ba54e920-2099-4180-8762-3997649f7d88,Quang Văn Đặng,661747010139,19/12/1975,0743230045,eduong@example.org,"752 Dương Nguyễn, 316092",Khỏe mạnh,11.21,Hà Hoàng,07/01/2026
b40a9181-ac09-4db7-9908-6e477249f62c,Quý cô An Lê,515543888786,08/02/1990,0554598973,maijane@example.net,"843 Kim Tấn Dương JohnPhường, 646571",Huyết áp cao,3.97,Quý cô Thảo Vũ,12/01/2026
e134edfc-9777-4f10-b2d2-393f8e85140d,Thành Hoàng,782840685455,27/09/1941,0379585703,janenguyen@example.com,"62 Bà Vi Đặng, 160423",Tiểu đường,10.32,Kim Trí Bùi,17/02/2026
a58e83dd-548c-4d84-b40d-e04941476506,Nhật Đặng,839249470095,11/12/1947,0329115498,janetran@example.net,"398 Quý ông Bảo Đặng, 322096",Huyết áp cao,10.33,Cô Yến Dương,17/02/2026
345af934-b42a-4d93-9aba-0f15b2149062,Quý ông Phúc Bùi,109652983451,02/03/1987,0934763300,john99@example.org,"7 An Đức Dương, 428122",Khỏe mạnh,4.17,An Hải Lê,04/01/2026
95831d58-ef4c-4119-8da5-d39b42c21797,Bác Phúc Vũ,369810094129,02/04/1980,0398589382,bhoang@example.net,"77 Bác Quang Dương, 668471",Tim mạch,9.36,Vân Nguyễn,15/01/2026
0c6b7074-ab10-4c9b-9168-2e09f1f7d904,Chị Ánh Nguyễn,427505871166,09/11/1966,0977261412,buijane@example.net,"997 Nguyễn Đường
Hải Hữu Bùi, 655134",Tim mạch,11.99,Tùng Vũ,04/01/2026
ac8d6c7d-b2a6-4468-902b-124380913ac1,Nhật Mai Bảo Dương,875449945765,23/09/2006,0323447919,john52@example.org,"61 Thảo Hoàng JanePhường, 968286",Tim mạch,5.79,Hải Nguyễn,19/01/2026
8d7dd772-608e-4f5c-a117-727067c0518b,Quý ông Quang Nguyễn,331417822459,12/08/1946,0871261850,janevu@example.net,"0 Anh Minh Nguyễn, 817675",Tiểu đường,9.38,Tùng Hoàng,08/05/2026
d9b59f84-edc3-41c3-adea-2d2d086c405f,Dương Đặng,359713025858,25/12/1954,0733586970,ehoang@example.com,"8 Bà Mai Lê, 558320",Tiểu đường,11.61,Cô Linh Hoàng,30/04/2026
f80b2cea-658e-44a2-9879-cf35f4719986,Hà Thị Nguyễn,455741893346,17/02/2002,0581747956,vvu@example.com,"943 Ông Nhiên Dương JohnPhường, 508548",Huyết áp cao,9.8,Quang Đức Trần,02/01/2026
5c238d8d-71da-45b9-8eea-9db8f165d779,Nhật Đức Bùi,623388344253,29/03/1947,0960461433,uvu@example.net,"015 Cô Hương Lê, 917018",Khỏe mạnh,8.56,Nhật Mai,17/02/2026
af70de70-2b69-495e-8567-1b58926bffa5,Tùng Tấn Dương,904644805838,05/05/1976,0550566120,john99@example.com,"71 Nhật Nguyễn, 212168",Tim mạch,7.22,Bà An Bùi,06/03/2026
cdd7f460-6140-47d3-9ec4-ea48d773f98d,Hoàng Bùi,261249248564,19/11/1953,0361909503,johnduong@example.org,"47 Kim Hữu Phạm, 219420",Tim mạch,4.93,Chị Dương Mai,06/01/2026
f166cdcf-762c-4fbc-ba2a-a7baf3f81c31,Mai Nguyễn,923501610389,08/10/1944,0810871099,upham@example.net,"2 Trung Vũ, 520274",Tim mạch,4.52,Phương Thị Đặng,15/04/2026
15c1604f-ea16-4354-a35f-c9c198049562,Lâm Đặng,798286493106,30/12/1957,0541586675,jmai@example.net,"Bà Kim Trần
38 Bà Kim Trần, 510133",Tiểu đường,5.07,Anh Quang Nguyễn,04/04/2026
eba900e1-6a7d-4d96-8ba1-72331ac3bf31,Quý cô An Mai,174238226977,07/10/1982,0599918506,johnpham@example.org,"775 Jane Đường
Vân Hoàng JanePhường, 214675",Huyết áp cao,11.02,Chị Phương Lê,18/04/2026
6d268b37-8f52-42d3-94bb-bcf828fea761,Ông Thành Hoàng,259188246547,22/09/1960,0570030319,johnhoang@example.net,"96 Nhật Phạm, 206694",Tim mạch,11.39,Bà Thành Phạm,30/03/2026
dcd5bfae-abb3-46a7-8329-97801d2c2721,Thảo Dương,722925313023,13/10/1988,0934765430,dangjohn@example.net,"9 Khoa Phạm, 291936",Tiểu đường,5.54,Hoàng Hữu Bùi,26/04/2026
6c4c450b-623a-40fc-9326-7d25234b4562,Quý cô Mai Vũ,774964757980,08/12/1958,0570092143,hoangjohn@example.com,"0 Chị Hồng Lê, 629990",Huyết áp cao,9.77,Quý ông Châu Bùi,28/03/2026
90bde900-1529-46f5-aad1-1fe87d1b695e,Bà Hồng Lê,503316140054,10/02/1975,0938461626,johnle@example.org,"7 Châu Đặng
JohnPhường, 562806",Tiểu đường,10.24,Quý cô Hương Phạm,27/02/2026
7321a8b2-0840-405a-bfd2-f491dff389aa,Duyên Đặng,173055912042,12/02/1995,0324616496,john11@example.net,"9 Nhật Phạm, 467856",Huyết áp cao,9.44,Trọng Mai,02/02/2026
4aea1b8f-b43c-4e0a-ba9f-c10e52daf681,Chị An Lê,503894730824,15/05/2005,0757485047,pbui@example.org,"Quý ông Tú Mai
672 Quý ông Tú Mai, 573947",Huyết áp cao,10.74,Hải Trần,20/03/2026
b1d81887-4739-4c7b-bff3-0c8d83ff3e96,Chị Hải Trần Đặng,281927473211,11/09/1935,0923827495,hbui@example.net,"637 Đặng Bà Hồng Phạm, 993829",Khỏe mạnh,11.91,Bác Hưng Nguyễn,20/01/2026
75a72686-d632-4d31-88ac-ffcfa04d4d14,An Mai Đặng,953705496098,02/06/1995,0730071625,johntran@example.com,"Quý ông Bảo Dương
5 Quý ông Bảo Dương, 796787",Tiểu đường,6.56,Cô Kim Vũ,15/02/2026
b4258e19-1758-447e-a7cd-e1436de21429,Bà Bảo Hoàng,443918212117,02/04/2000,0741965780,ltran@example.net,"516 Hạnh Thị Vũ JohnPhường, 945106",Tim mạch,5.11,Hà Đặng,13/03/2026
61fa01ba-231a-47c7-8c9b-ff5ce1887eaf,Hà Hữu Lê,848704256292,06/07/1936,0570005979,lnguyen@example.net,"97 Dũng Mai Bảo Bùi, 550246",Tim mạch,8.55,Hoàng Hải Vũ,06/05/2026
99db1302-8dab-46d3-bf87-dfc2159152f2,Quý ông Thành Mai,908400252216,27/04/1963,0532826776,dangjohn@example.com,"61 Bảo Phạm, 505629",Khỏe mạnh,4.74,Thành Xuân Dương,15/01/2026
0387f74d-1149-4096-965d-744f0445c1a8,Anh Tùng Nguyễn,627518394780,03/08/1943,0381264612,john79@example.com,"61 Anh Khoa Trần, 313068",Huyết áp cao,9.96,Bà Kim Hoàng,04/05/2026
ae59aa52-a65b-422b-95a3-86d9c362a810,Cô Hải Bùi,713183633679,02/11/1967,0344642290,qmai@example.org,"21 John Đường
Quý cô Nhật Hoàng, 642347",Khỏe mạnh,5.93,Phúc Đặng,25/01/2026
44cdbfdd-df9b-441e-87f7-bda1bff15840,An Đặng,708652849372,15/10/1993,0835965543,rpham@example.org,"5 Quý cô Lan Dương, 910894",Khỏe mạnh,9.82,Khoa Trần,14/02/2026
0b461173-00a8-4473-8242-5912bda3c162,Hương Phạm,846632105758,26/07/1999,0840759719,vujane@example.net,"536 Chị Thành Nguyễn, 806033",Tim mạch,7.83,Lan Phạm,11/04/2026
66a302d6-f43e-4c48-8bc1-f9e5fb3df063,Bảo Hoàng,997629469929,23/08/1977,0378425717,john29@example.com,"4 Chị Hạnh Hoàng
JohnPhường, 673108",Tim mạch,11.55,Chị Ngọc Bùi,05/01/2026
a2cd1590-58af-493c-8aa2-b4c93ba5bd76,Phúc Xuân Lê,880128157004,27/07/1986,0577542044,john98@example.net,"410 Quý cô Thành Phạm, 200219",Tiểu đường,10.05,Quý cô Hà Hoàng,21/04/2026
f6d70248-a995-4cc3-af5b-09a60ff1c51f,Quý ông Huy Vũ,592789289029,26/03/1978,0767302597,jane33@example.com,"291 Bảo Phú Vũ, 526259",Tiểu đường,9.1,Phương Đặng,10/02/2026
43d78f2b-769d-41e3-8eed-412473b0d676,Chi Đặng,214953282918,05/10/1976,0524312183,tranjohn@example.org,"68 Tú Vũ xã, 682959",Khỏe mạnh,6.34,Cô Chi Trần,28/01/2026
d49347fc-0fc9-4d2e-830f-9be91f178f93,Bà Linh Bùi,719823546253,08/01/1986,0392529409,jane29@example.net,"721 Trần Đường
JohnQuận, 701761",Khỏe mạnh,10.62,Nhật Hữu Dương,06/01/2026
2c3d17e2-6d39-4a75-aee7-0ab261fa8e7a,Ông Tú Trần,904520269074,12/06/1973,0810992156,jduong@example.net,"4 Lâm Thế Nguyễn xã, 243902",Tim mạch,8.84,Lâm Hải Mai,04/01/2026
b69f75c5-c82b-41be-a1eb-64e6fd498e20,Cô Hạnh Bùi Đặng,267384267789,26/09/2003,0729590351,atran@example.org,"407 Hạnh Thế Trần JohnPhường, 352867",Huyết áp cao,7.6,Tùng Nguyễn,12/02/2026
cc21cbdb-fb8f-48c4-98b4-8ead93608edf,Nam Mai,179379304230,22/07/1967,0322810257,johnvu@example.net,"3 Hạnh Phú Vũ phố, 158896",Khỏe mạnh,9.11,Chị Ngọc Mai,03/04/2026
9d37efb6-eafb-4e90-94ec-84ce002ccb25,Ngọc Nguyễn,953910431071,26/05/1979,0832066335,jane60@example.net,"851 Bà Ánh Bùi, 243079",Tiểu đường,10.62,Quý cô Hải Dương,07/05/2026
f7ff88d4-b509-408a-ac98-8bca51397c06,Dũng Mai Bảo Trần,744260818164,12/02/1977,0582417392,amai@example.org,"0 Lâm Thế Dương, 881549",Tiểu đường,4.23,Lâm Đặng,04/03/2026
f68c62e6-e2a4-4909-a2dd-22d52afaab7b,Nhật Đặng,574635763973,23/02/1996,0547754617,epham@example.net,"10 Chi Đặng, 617033",Tiểu đường,11.65,Thành Hữu Trần,04/04/2026
a6a5f0ff-93fb-41d0-9d32-6d9cc9ea356a,Bảo Văn Lê,921623014181,27/11/1939,0349631637,janemai@example.net,"21 Ông Quang Nguyễn, 555292",Khỏe mạnh,10.94,Cô Hà Đặng,09/02/2026
b27b7bb4-68c6-40b2-b0a2-cee8f9722cc1,Quý cô Dương Nguyễn,364050226332,09/09/1967,0885123370,john72@example.net,"050 Hoàng Hải Đặng, 126985",Khỏe mạnh,5.77,Chị Dương Vũ,16/01/2026
4ef03f80-1d91-4e39-9801-4004793bed1b,Quý cô Kim Vũ,267024937931,06/10/1947,0952945607,jane63@example.com,"477 An Phú Vũ, 800596",Huyết áp cao,7.49,Tùng Bảo Hoàng,14/02/2026
6319629b-d73e-4bb9-8f9c-a17b8db8dadf,Vũ Mai,204160751719,06/06/1967,0928037385,dpham@example.com,"9 Vi Vũ, 232315",Tiểu đường,7.83,Hồng Trần,26/03/2026
a091e5b4-d293-4e6e-bf4d-093033b0fb53,Quý cô Phương Dương,187846835599,16/03/1947,0398043258,xtran@example.net,"7 Thành Đặng, 694116",Tiểu đường,4.4,Hà Hoàng,20/01/2026
891f4683-de12-4bf1-893d-6196c926a021,Cô Hải Vũ,169649977344,12/06/2001,0346080913,john66@example.net,"653 Hạnh Mai Trần, 957091",Huyết áp cao,6.14,Khoa Vũ,06/04/2026
1924c644-af52-4666-b239-09f4dbb54645,Trung Lê,889662924030,11/01/1979,0321772619,buijohn@example.net,"7 Chị Phương Hoàng, 918430",Khỏe mạnh,7.28,Lan Phạm,08/02/2026
08775804-3fde-4814-8ec0-ad4bd6441a9d,Hải Đức Lê,833652122564,24/08/1972,0797048763,john95@example.net,"579 Cô Lâm Bùi, 978343",Huyết áp cao,9.96,Vũ Vũ,06/01/2026
da9408c0-29b4-4cb1-8cb5-ee5c62f5f7c2,Quý cô Hà Lê,489448724898,30/06/1963,0949673189,janemai@example.net,"2 Bà Thành Trần, 494763",Tiểu đường,6.39,Bảo Đức Phạm,01/04/2026
d30608be-8548-467b-ad5c-ba244d59616b,Anh Minh Bùi,461060209247,22/12/2004,0727307317,hoangjane@example.net,"5 Quang Nguyễn, 944554",Khỏe mạnh,8.54,Hải Tấn Lê,05/01/2026
4bacbedf-ff5a-429e-bf53-d344a7c854e4,Cô Khoa Bùi,811985164611,15/03/1988,0871476727,nbui@example.net,"8 Đặng Bà Lâm Bùi, 593649",Tim mạch,11.64,Bà Nhật Mai,05/02/2026
55ec024a-e64b-4b37-ae01-a122f269921c,Lâm Đặng,323549290823,02/10/1965,0353391117,johnle@example.net,"709 Anh Thành Trần xã, 156688",Huyết áp cao,7.25,Chị Lâm Đặng,21/03/2026
e8184f34-e491-4f7d-91c4-6efcfcb896bb,Thành Phạm,119462954545,11/05/1946,0348695216,john25@example.org,"743 Bà Thành Trần JanePhường, 550268",Tim mạch,7.41,Kim Mai Bảo Bùi,01/01/2026
bb0c7919-330c-4ff5-88a5-fa0d09a85dc5,Vũ Bùi,675151598559,18/04/1961,0574519823,jane30@example.org,"21 Thành Vũ, 404955",Tiểu đường,10.94,Bác Huy Lê,08/03/2026
5bf7dda1-7d7c-49a5-a6c1-1650ff02f5b0,Quý cô Hồng Lê,508653289029,17/12/1937,0567593247,hoangjohn@example.org,"506 Mai Đường
Linh Mai, 823255",Khỏe mạnh,8.23,Kim Dương,15/03/2026
797209c0-40b3-44f8-8c1a-b2c71fa3ed1f,Bà Hải Đặng,913106447124,04/05/1976,0538221357,johnpham@example.org,"18 Quý cô Khoa Vũ, 309452",Tiểu đường,6.68,Minh Phạm,11/03/2026
290e3e89-4b9c-42f4-a8e5-c8cdb4146e4a,Quý ông Vũ Mai,291611050983,17/08/1963,0586851243,hhoang@example.com,"972 Hoàng Xuân Mai, 410401",Tim mạch,3.63,Bảo Nguyễn,20/01/2026
0a190939-dfc7-4b26-acb9-41fcd02c75f9,Quang Đặng,555190502196,03/05/1993,0585294842,phamjane@example.org,"57 Bảo Hải Phạm, 520245",Khỏe mạnh,5.05,Nhật Đức Bùi,03/04/2026
e2d903c8-a61a-4d8e-abf7-240fccc62fed,Bà Xuân Phạm,616045510694,19/01/1957,0387349791,janevu@example.net,"6 Hoàng Đường
Quý cô Bảo Dương, 531262",Huyết áp cao,5.4,Ông Vũ Vũ,08/05/2026
de4b061e-b45e-4463-832a-09e05071e5f0,Hạnh Vũ,132183080175,27/04/1948,0535415781,janehoang@example.org,"890 Hà Dương, 887931",Khỏe mạnh,8.02,Bác Quang Đặng,24/02/2026
8ced4707-3903-4b65-81c6-1eeb0ce3c8c8,Hà Bùi,976906877191,03/11/1997,0893490844,lejane@example.net,"17 Quý ông Minh Trần, 675771",Tiểu đường,8.36,Ánh Trần,28/04/2026
4dfa21be-a335-42c8-9e7b-1e95f692641a,Hưng Mai Bảo Trần Đặng,787826596029,30/09/1942,0777346263,jane01@example.net,"5 Quý ông Anh Bùi, 970196",Huyết áp cao,6.16,Tùng Mai,14/03/2026
e599bd3c-0bb8-4d38-9b37-ef19b3bc912f,Nhật Bảo Hoàng,848656491729,01/12/1949,0385918087,htran@example.org,"5 Jane Đường
Bảo Xuân Vũ JanePhường, 717942",Tiểu đường,7.72,Quý cô An Mai,10/01/2026
d6bca712-6ecc-4931-af70-5d018da03d88,Phương Lê,451612919068,30/10/1952,0725319521,dangjane@example.net,"3 Hương Dương, 244892",Tim mạch,7.71,Khoa Thế Mai,02/03/2026
8db78572-ef7d-4821-bca0-258eb63d65d5,Cô Duyên Phạm,899524839417,27/11/1974,0320959070,dangjohn@example.com,"1 Bà Hạnh Trần, 947568",Tim mạch,8.9,Vân Trần,05/01/2026
ab95c72f-0d95-4af5-a534-21bc6180b78a,Vân Trần,126315227270,06/04/1957,0875403159,janehoang@example.org,"0 Mai Mai, 922405",Tim mạch,4.89,Hưng Bùi,17/03/2026
f9cf8499-c9c1-4d45-b4ea-6b976aa415b5,Hải Hải Dương,668367665324,26/07/1969,0377005512,zvu@example.net,"8 Bà An Vũ
JohnPhường, 178086",Khỏe mạnh,6.96,Chị Nhật Mai,24/01/2026
4773e66a-6db2-4020-8a67-01436090103c,Quang Đức Dương,709692010499,24/01/1970,0529392908,duongjohn@example.com,"590 Hưng Bảo Vũ, 645895",Tiểu đường,5.51,Phương Lê,22/03/2026
1789be63-6746-4743-897b-303d8b074d1a,Lan Bùi Đặng,681592967767,01/06/1980,0916388337,janenguyen@example.net,"573 Hạnh Lê, 369054",Khỏe mạnh,10.13,Nam Mai,14/03/2026
7210045a-823c-4ef9-8d85-65ce83a9c235,Nhật Đặng,316853031349,14/12/1978,0935630633,duongjohn@example.com,"361 Minh Hữu Lê JanePhường, 447828",Tim mạch,5.97,Hương Trần,11/01/2026
8ede9b46-407d-4aff-8b51-a9112d90e4ee,Hưng Quang Vũ,525909509611,24/07/1970,0752166357,mpham@example.org,"618 John Đường
Dương Hoàng, 925115",Tim mạch,7.23,Trọng Trần,24/02/2026
61a451ff-700b-4b43-ad3b-9d13c3e90323,Ngọc Nguyễn,445237248245,19/08/1956,0846954427,jane23@example.net,"50 John Đường
Cô Chi Đặng, 320256",Tim mạch,5.12,Trung Bảo Mai,28/01/2026
9dec2b83-3885-4f7e-af1a-25a829344e15,Cô Nhật Dương,175441224536,16/01/1960,0928226202,ymai@example.net,"1 An Lê, 234443",Huyết áp cao,10.35,Cô Thảo Hoàng,14/01/2026
7c6166df-515a-4b43-b189-1f48e66e2c11,Thành Hải Lê,872191840454,06/02/1956,0392745045,jane87@example.com,"6 Đặng Phúc Lê, 566991",Khỏe mạnh,5.87,Khoa Mai Bảo Mai,22/01/2026
14fc3a5d-9b4b-4377-a542-deb92cff45f8,Phương Vũ,566705259850,03/02/1962,0949088694,john22@example.com,"3 Nhật Hải Nguyễn, 909652",Tim mạch,4.62,Hoàng Dương,08/04/2026
5d264b1b-6593-4659-972e-8c6882aa5c46,Khoa Lê,436450769690,06/12/1957,0357999581,jane47@example.net,"7 Thành Đức Phạm, 377198",Huyết áp cao,5.57,Quang Thị Phạm,11/04/2026
635a11f2-5c7a-483d-8a9d-2704e860bcb1,Duyên Vũ,931395594357,19/06/1979,0357827584,phoang@example.org,"65 Khoa Hoàng, 610511",Tim mạch,8.75,Ông Minh Lê,27/03/2026
83b8fa05-13bc-4dc6-bae0-acdb2a6524af,Thành Văn Lê,389534983360,18/10/1960,0856147168,johnpham@example.com,"51 Chị Vân Dương, 355506",Khỏe mạnh,6.65,Lan Hoàng,26/04/2026
833c8f55-a129-4fa2-a27d-4660293fc266,Huy Đức Phạm,466635564157,07/05/1955,0380880633,johnbui@example.com,"9 Quý cô An Mai xã, 278852",Huyết áp cao,9.14,Quý cô Duyên Lê,24/04/2026
9f8acdeb-2e8f-45a8-847a-3b7ed209383b,Phúc Đặng,598195041131,28/01/1997,0867362363,johnmai@example.net,"886 Bà Linh Phạm, 627778",Khỏe mạnh,10.81,Hà Dương,09/05/2026
8a0ea57a-9a7d-409d-a6e8-790b215d3b1f,Chị Phương Đặng,714874678516,29/05/2006,0910511852,maijohn@example.net,"65 Chị Linh Hoàng, 187889",Khỏe mạnh,3.6,Trọng Mai,21/03/2026
b58ac738-0166-4221-b063-ae7f41ff81d1,Quý cô Nhật Trần,499244364496,25/05/1951,0740043567,dpham@example.net,"12 Cô Ngọc Lê, 483405",Tim mạch,8.49,Thành Phạm,22/03/2026
7b8301cf-8ebc-4d7e-88a6-5b858d56bff6,Hương Phạm,368094329092,13/03/2001,0734130975,johnnguyen@example.net,"1 Thành Phạm, 939756",Tim mạch,9.46,Lan Bùi,04/05/2026
d2c0dec2-1751-44d7-8deb-2696015aba1d,Bà Vân Phạm,175523761287,10/05/1947,0893603833,vujane@example.com,"6 Bảo Trí Phạm, 111230",Huyết áp cao,11.31,Bà Mai Nguyễn,27/04/2026
3b4ec9f5-b2cd-4a0a-840c-5cb082b34384,Cô Hà Nguyễn,174268736945,26/05/1935,0966241651,phamjohn@example.com,"93 Nam Thị Đặng, 955129",Khỏe mạnh,11.1,Quang Hoàng,07/02/2026
932d1648-6769-40f1-ae01-b9e0746b161a,Kim Đặng,275912701461,08/10/1990,0721318630,janepham@example.com,"4 Châu Trần, 913274",Tim mạch,8.57,Quý ông Nhiên Nguyễn,04/04/2026
61f6dfbe-114b-4c79-8200-79f51dc3c26e,Yến Hoàng Đặng,357115501743,28/06/1991,0511558492,johntran@example.net,"827 Đặng Làng
JohnPhường, 816289",Khỏe mạnh,8.04,Quý cô Yến Phạm,15/02/2026
43f19b58-df6c-4d60-bdf7-6a69bc45144a,Quý ông Anh Bùi,667234533150,25/10/1983,0795201913,phamjohn@example.com,"0 Bảo Phú Nguyễn, 388078",Huyết áp cao,7.44,Anh Minh Vũ,19/03/2026
20d4ba18-93a0-4478-800b-19de38db128d,Tùng Phạm,307387079104,16/06/2000,0924273470,vujohn@example.org,"18 Đặng Đường
Thành Phạm, 205641",Khỏe mạnh,9.47,Quang Đức Lê,17/04/2026
78aa16ea-44f7-401a-bcb5-26d7434a130e,Anh Trọng Phạm,671314401825,21/01/1993,0338046773,johnvu@example.com,"29 Cô Hương Phạm, 553214",Huyết áp cao,4.49,Lâm Trí Lê,02/04/2026
6be8c756-2d36-426c-827e-789cce40483b,Anh Quang Vũ,106693204130,30/04/1978,0826465477,ovu@example.net,"12 Nhật Nguyễn, 880762",Khỏe mạnh,5.3,Anh Phú Đặng,19/04/2026
41f9994a-cf5d-437f-ae8d-5daa8eb7c306,Bác Quang Mai,331274250549,21/02/1983,0952585148,jane52@example.com,"7 Quang Xuân Nguyễn, 771697",Tim mạch,11.77,Huy Hữu Trần,16/01/2026
50405c43-3a6c-4da6-97f7-d71f2978cc73,Dương Dương,904896070468,07/03/1989,0725834242,johnle@example.org,"JohnQuận
341 Hải Thị Trần, 208013",Khỏe mạnh,10.81,Hà Dương,17/04/2026
65a29cc8-c55b-495d-86bf-d9c40dc78104,Nhật Hải Phạm,926743091087,28/06/1956,0332040925,john85@example.com,"22 John Đường
Châu Đức Hoàng, 589887",Tiểu đường,5.2,Tùng Dương,27/01/2026
8a0ec018-b297-49b2-b2cf-fcaef833ebfb,Xuân Dương,108033878444,23/07/1994,0863717615,duongjane@example.com,"56 Huy Đức Phạm, 400692",Khỏe mạnh,9.16,Ông Châu Dương,28/02/2026
cc476b72-6e31-4234-8410-010802568389,Kim Nguyễn,362018553386,04/05/1936,0995156885,jane02@example.net,"6 Tùng Phạm, 901676",Khỏe mạnh,7.08,Khoa Mai,22/02/2026
1186da93-da7d-4c53-b020-cf0669b41194,Quý cô Ánh Vũ,989517430176,01/05/1997,0754131143,nguyenjohn@example.com,"208 Lan Trần, 849937",Huyết áp cao,11.82,Ông Quang Trần,30/01/2026
578799d9-3799-4376-be5b-3ac903c501fe,Bảo Bảo Trần Đặng,795657607143,19/06/1998,0769000365,jane33@example.org,"872 Quý ông Hoàng Lê xã, 908688",Tiểu đường,5.57,Anh Hưng Phạm,31/03/2026
85695f97-180d-4855-855f-fde8bc3e1d19,Quý ông Khoa Nguyễn,754886991963,30/04/1979,0792783404,wvu@example.com,"4 Jane Đường
Chi Phạm JohnPhường, 555251",Tim mạch,9.22,Nam Xuân Vũ,24/04/2026
3e3b1a40-ca05-43a2-a553-b15f1ea15b0f,Dũng Quang Trần,198729458740,16/01/2000,0545556449,buijane@example.net,"9 Nguyễn Đường
JohnPhường, 662407",Tiểu đường,4.39,Bảo Dương,15/02/2026
c9df301e-8ef0-4de1-bb4f-19725115d7ee,Lâm Mai,567957124465,09/10/1986,0321332116,yle@example.com,"7 Dũng Đức Nguyễn, 971733",Huyết áp cao,7.32,Cô Phương Lê,29/03/2026
8aa6b006-436a-4b9d-91c5-6a004bb13407,Quý ông Nhiên Dương,611451198480,12/12/1986,0757098344,johndang@example.net,"18 Bảo Đặng, 772036",Khỏe mạnh,7.76,Tú Đức Mai,08/05/2026
f013a170-d5cf-4b4c-8b34-fc841111ee29,Quý cô Hà Nguyễn,533439354373,05/12/1949,0848670741,janele@example.net,"7 Bà Vi Hoàng, 787603",Huyết áp cao,10.51,Ông Bảo Nguyễn,12/03/2026
e3f342a8-f030-4fd4-be54-898e8eda6433,Bà An Nguyễn,331256702394,15/07/1971,0327684086,tranjane@example.org,"386 Nhật Mai Bảo Lê JohnPhường, 704570",Tim mạch,5.82,Bảo Bảo Trần,02/02/2026
66cc7376-8cca-4963-ae2e-77a4cadec379,Bác Nhiên Dương Đặng,921720623622,02/04/1978,0376139230,johndang@example.org,"8 Yến Mai, 516379",Tiểu đường,7.51,Yến Nguyễn,25/02/2026
2294fa0a-8482-4c08-842c-65ad9883e9b1,Cô Vân Dương,582412498672,23/07/1965,0855767445,xbui@example.org,"075 Anh Hữu Mai, 368691",Huyết áp cao,8.47,Vũ Hoàng,19/03/2026
bbf8da91-37a9-4824-aafa-4d5b91ae3d4c,Nhật Đặng,952148681488,11/01/2001,0857153023,ptran@example.com,"961 Thảo Mai, 907812",Tim mạch,5.22,Cô Dương Bùi,11/01/2026
51beba8e-0a8a-4b94-863d-fcd64e0648d0,An Hữu Vũ,222112253469,17/03/1956,0719736952,johnpham@example.net,"646 Hoàng Bùi, 518582",Khỏe mạnh,11.73,Vũ Bùi,08/04/2026
2160446e-b2a7-4475-8619-67736f3acf33,Nhật Thị Mai,513085773912,03/10/2001,0943062428,choang@example.com,"146 Trung Tấn Vũ, 465227",Khỏe mạnh,4.26,Bà Linh Hoàng,08/05/2026
2b54500d-4e08-4bb4-8509-d55806326b36,Bác Phúc Phạm,365994102847,16/03/1955,0734257013,phamjane@example.net,"1 Cô Lan Mai, 827497",Tiểu đường,10.45,Hạnh Dương,02/04/2026
bd717da3-3581-4632-94f5-df7005d2d205,Bác Tú Đặng,236317496656,24/07/1970,0576832970,jane51@example.net,"98 Cô Linh Lê JohnPhường, 747983",Huyết áp cao,5.52,Hưng Dương,08/05/2026
637e3f94-110c-4d92-8222-305df1f71605,Chi Phạm,519950976318,15/12/1937,0569154065,johnmai@example.net,"Bảo Văn Dương
387 Bảo Văn Dương, 655132",Khỏe mạnh,6.77,Dũng Dương,18/03/2026
58c69158-04b4-4ac9-a831-7f0dbe9063fb,Tùng Mai,522323435206,31/07/2003,0973641262,tranjane@example.org,"256 Hải Phạm, 260169",Khỏe mạnh,8.48,Hạnh Tấn Dương,16/04/2026
2379c05f-a708-4280-b4ee-0b6721bbd183,Phúc Dương,943648156510,07/10/1953,0829477244,janeduong@example.net,"881 Ông Quang Mai, 418083",Tim mạch,3.69,Bác Hoàng Phạm,21/01/2026
c32fc21b-06b4-4d27-af4b-8be821acfdb5,Lan Hoàng,112168133330,14/10/1966,0974525845,inguyen@example.com,"897 Trọng Lê, 271742",Tiểu đường,11.06,Chị Ngọc Bùi,03/01/2026
69bd40d8-f340-4dd3-8515-75b9ece9504b,Phương Phú Nguyễn,889077483389,11/05/1944,0347476251,jtran@example.org,"660 Đặng Trọng Nguyễn, 967182",Tiểu đường,5.35,Xuân Phạm,11/04/2026
